Individual,Group,Slope
15,Symptomatic,0.0020818333
36,Symptomatic,0.0079209333
37,Symptomatic,0.0034448
4,Symptomatic,0.0010683333
46,Symptomatic,0.0061884
14,Symptomatic,0.005576
13,Asymptomatic,0.0042753
28,Asymptomatic,0.0023561
49,Asymptomatic,0.00465315
41,Asymptomatic,0.0009408143
